username;email;firstname;lastname;course1;role1;password
test000001@pcman.co.id;test000001@pcman.co.id;Test;1;quiz_1;5;User123!
test000002@pcman.co.id;test000002@pcman.co.id;Test;2;quiz_1;5;User123!
test000003@pcman.co.id;test000003@pcman.co.id;Test;3;quiz_1;5;User123!
test000004@pcman.co.id;test000004@pcman.co.id;Test;4;quiz_1;5;User123!
test000005@pcman.co.id;test000005@pcman.co.id;Test;5;quiz_1;5;User123!
test000006@pcman.co.id;test000006@pcman.co.id;Test;6;quiz_1;5;User123!
test000007@pcman.co.id;test000007@pcman.co.id;Test;7;quiz_1;5;User123!
test000008@pcman.co.id;test000008@pcman.co.id;Test;8;quiz_1;5;User123!
test000009@pcman.co.id;test000009@pcman.co.id;Test;9;quiz_1;5;User123!
test000010@pcman.co.id;test000010@pcman.co.id;Test;10;quiz_1;5;User123!
test000011@pcman.co.id;test000011@pcman.co.id;Test;11;quiz_1;5;User123!
test000012@pcman.co.id;test000012@pcman.co.id;Test;12;quiz_1;5;User123!
test000013@pcman.co.id;test000013@pcman.co.id;Test;13;quiz_1;5;User123!
test000014@pcman.co.id;test000014@pcman.co.id;Test;14;quiz_1;5;User123!
test000015@pcman.co.id;test000015@pcman.co.id;Test;15;quiz_1;5;User123!
test000016@pcman.co.id;test000016@pcman.co.id;Test;16;quiz_1;5;User123!
test000017@pcman.co.id;test000017@pcman.co.id;Test;17;quiz_1;5;User123!
test000018@pcman.co.id;test000018@pcman.co.id;Test;18;quiz_1;5;User123!
test000019@pcman.co.id;test000019@pcman.co.id;Test;19;quiz_1;5;User123!
test000020@pcman.co.id;test000020@pcman.co.id;Test;20;quiz_1;5;User123!
test000021@pcman.co.id;test000021@pcman.co.id;Test;21;quiz_1;5;User123!
test000022@pcman.co.id;test000022@pcman.co.id;Test;22;quiz_1;5;User123!
test000023@pcman.co.id;test000023@pcman.co.id;Test;23;quiz_1;5;User123!
test000024@pcman.co.id;test000024@pcman.co.id;Test;24;quiz_1;5;User123!
test000025@pcman.co.id;test000025@pcman.co.id;Test;25;quiz_1;5;User123!
test000026@pcman.co.id;test000026@pcman.co.id;Test;26;quiz_1;5;User123!
test000027@pcman.co.id;test000027@pcman.co.id;Test;27;quiz_1;5;User123!
test000028@pcman.co.id;test000028@pcman.co.id;Test;28;quiz_1;5;User123!
test000029@pcman.co.id;test000029@pcman.co.id;Test;29;quiz_1;5;User123!
test000030@pcman.co.id;test000030@pcman.co.id;Test;30;quiz_1;5;User123!
test000031@pcman.co.id;test000031@pcman.co.id;Test;31;quiz_1;5;User123!
test000032@pcman.co.id;test000032@pcman.co.id;Test;32;quiz_1;5;User123!
test000033@pcman.co.id;test000033@pcman.co.id;Test;33;quiz_1;5;User123!
test000034@pcman.co.id;test000034@pcman.co.id;Test;34;quiz_1;5;User123!
test000035@pcman.co.id;test000035@pcman.co.id;Test;35;quiz_1;5;User123!
test000036@pcman.co.id;test000036@pcman.co.id;Test;36;quiz_1;5;User123!
test000037@pcman.co.id;test000037@pcman.co.id;Test;37;quiz_1;5;User123!
test000038@pcman.co.id;test000038@pcman.co.id;Test;38;quiz_1;5;User123!
test000039@pcman.co.id;test000039@pcman.co.id;Test;39;quiz_1;5;User123!
test000040@pcman.co.id;test000040@pcman.co.id;Test;40;quiz_1;5;User123!
test000041@pcman.co.id;test000041@pcman.co.id;Test;41;quiz_1;5;User123!
test000042@pcman.co.id;test000042@pcman.co.id;Test;42;quiz_1;5;User123!
test000043@pcman.co.id;test000043@pcman.co.id;Test;43;quiz_1;5;User123!
test000044@pcman.co.id;test000044@pcman.co.id;Test;44;quiz_1;5;User123!
test000045@pcman.co.id;test000045@pcman.co.id;Test;45;quiz_1;5;User123!
test000046@pcman.co.id;test000046@pcman.co.id;Test;46;quiz_1;5;User123!
test000047@pcman.co.id;test000047@pcman.co.id;Test;47;quiz_1;5;User123!
test000048@pcman.co.id;test000048@pcman.co.id;Test;48;quiz_1;5;User123!
test000049@pcman.co.id;test000049@pcman.co.id;Test;49;quiz_1;5;User123!
test000050@pcman.co.id;test000050@pcman.co.id;Test;50;quiz_1;5;User123!
test000051@pcman.co.id;test000051@pcman.co.id;Test;51;quiz_1;5;User123!
test000052@pcman.co.id;test000052@pcman.co.id;Test;52;quiz_1;5;User123!
test000053@pcman.co.id;test000053@pcman.co.id;Test;53;quiz_1;5;User123!
test000054@pcman.co.id;test000054@pcman.co.id;Test;54;quiz_1;5;User123!
test000055@pcman.co.id;test000055@pcman.co.id;Test;55;quiz_1;5;User123!
test000056@pcman.co.id;test000056@pcman.co.id;Test;56;quiz_1;5;User123!
test000057@pcman.co.id;test000057@pcman.co.id;Test;57;quiz_1;5;User123!
test000058@pcman.co.id;test000058@pcman.co.id;Test;58;quiz_1;5;User123!
test000059@pcman.co.id;test000059@pcman.co.id;Test;59;quiz_1;5;User123!
test000060@pcman.co.id;test000060@pcman.co.id;Test;60;quiz_1;5;User123!
test000061@pcman.co.id;test000061@pcman.co.id;Test;61;quiz_1;5;User123!
test000062@pcman.co.id;test000062@pcman.co.id;Test;62;quiz_1;5;User123!
test000063@pcman.co.id;test000063@pcman.co.id;Test;63;quiz_1;5;User123!
test000064@pcman.co.id;test000064@pcman.co.id;Test;64;quiz_1;5;User123!
test000065@pcman.co.id;test000065@pcman.co.id;Test;65;quiz_1;5;User123!
test000066@pcman.co.id;test000066@pcman.co.id;Test;66;quiz_1;5;User123!
test000067@pcman.co.id;test000067@pcman.co.id;Test;67;quiz_1;5;User123!
test000068@pcman.co.id;test000068@pcman.co.id;Test;68;quiz_1;5;User123!
test000069@pcman.co.id;test000069@pcman.co.id;Test;69;quiz_1;5;User123!
test000070@pcman.co.id;test000070@pcman.co.id;Test;70;quiz_1;5;User123!
test000071@pcman.co.id;test000071@pcman.co.id;Test;71;quiz_1;5;User123!
test000072@pcman.co.id;test000072@pcman.co.id;Test;72;quiz_1;5;User123!
test000073@pcman.co.id;test000073@pcman.co.id;Test;73;quiz_1;5;User123!
test000074@pcman.co.id;test000074@pcman.co.id;Test;74;quiz_1;5;User123!
test000075@pcman.co.id;test000075@pcman.co.id;Test;75;quiz_1;5;User123!
test000076@pcman.co.id;test000076@pcman.co.id;Test;76;quiz_1;5;User123!
test000077@pcman.co.id;test000077@pcman.co.id;Test;77;quiz_1;5;User123!
test000078@pcman.co.id;test000078@pcman.co.id;Test;78;quiz_1;5;User123!
test000079@pcman.co.id;test000079@pcman.co.id;Test;79;quiz_1;5;User123!
test000080@pcman.co.id;test000080@pcman.co.id;Test;80;quiz_1;5;User123!
test000081@pcman.co.id;test000081@pcman.co.id;Test;81;quiz_1;5;User123!
test000082@pcman.co.id;test000082@pcman.co.id;Test;82;quiz_1;5;User123!
test000083@pcman.co.id;test000083@pcman.co.id;Test;83;quiz_1;5;User123!
test000084@pcman.co.id;test000084@pcman.co.id;Test;84;quiz_1;5;User123!
test000085@pcman.co.id;test000085@pcman.co.id;Test;85;quiz_1;5;User123!
test000086@pcman.co.id;test000086@pcman.co.id;Test;86;quiz_1;5;User123!
test000087@pcman.co.id;test000087@pcman.co.id;Test;87;quiz_1;5;User123!
test000088@pcman.co.id;test000088@pcman.co.id;Test;88;quiz_1;5;User123!
test000089@pcman.co.id;test000089@pcman.co.id;Test;89;quiz_1;5;User123!
test000090@pcman.co.id;test000090@pcman.co.id;Test;90;quiz_1;5;User123!
test000091@pcman.co.id;test000091@pcman.co.id;Test;91;quiz_1;5;User123!
test000092@pcman.co.id;test000092@pcman.co.id;Test;92;quiz_1;5;User123!
test000093@pcman.co.id;test000093@pcman.co.id;Test;93;quiz_1;5;User123!
test000094@pcman.co.id;test000094@pcman.co.id;Test;94;quiz_1;5;User123!
test000095@pcman.co.id;test000095@pcman.co.id;Test;95;quiz_1;5;User123!
test000096@pcman.co.id;test000096@pcman.co.id;Test;96;quiz_1;5;User123!
test000097@pcman.co.id;test000097@pcman.co.id;Test;97;quiz_1;5;User123!
test000098@pcman.co.id;test000098@pcman.co.id;Test;98;quiz_1;5;User123!
test000099@pcman.co.id;test000099@pcman.co.id;Test;99;quiz_1;5;User123!
test000100@pcman.co.id;test000100@pcman.co.id;Test;100;quiz_1;5;User123!
